PAIR_001,0,1
PAIR_002,2,3
PAIR_003,4,5
PAIR_004,6,7
PAIR_005,8,9
PAIR_006,10,11
PAIR_007,12,13
PAIR_008,14,15
PAIR_009,16,17
PAIR_010,18,19
PAIR_011,20,21
PAIR_012,22,23
PAIR_013,24,25
PAIR_014,26,27
PAIR_015,28,29
PAIR_016,30,31
PAIR_017,32,33
PAIR_018,34,35
PAIR_019,36,37
PAIR_020,38,39
PAIR_021,40,41
PAIR_022,42,43
PAIR_023,44,45
PAIR_024,46,47
PAIR_025,48,49
PAIR_026,50,51
PAIR_027,52,53
PAIR_028,54,55
PAIR_029,56,57
PAIR_030,58,59
PAIR_031,60,61
PAIR_032,62,63
PAIR_033,64,65
PAIR_034,66,67
PAIR_035,68,69
PAIR_036,70,71
PAIR_037,72,73
PAIR_038,74,75
PAIR_039,76,77
PAIR_040,78,79
PAIR_041,80,81
PAIR_042,82,83
PAIR_043,84,85
PAIR_044,86,87
PAIR_045,88,89
PAIR_046,90,91
PAIR_047,92,93
PAIR_048,94,95
PAIR_049,96,97
PAIR_050,98,99
PAIR_051,100,101
PAIR_052,102,103
PAIR_053,104,105
PAIR_054,106,107
PAIR_055,108,109
PAIR_056,110,111
PAIR_057,112,113
PAIR_058,114,115
PAIR_059,116,117
PAIR_060,118,119
PAIR_061,120,121
PAIR_062,122,123
PAIR_063,124,125
PAIR_064,126,127
PAIR_065,128,129
PAIR_066,130,131
PAIR_067,132,133
PAIR_068,134,135
PAIR_069,136,137
PAIR_070,138,139
PAIR_071,140,141
PAIR_072,142,143
PAIR_073,144,145
PAIR_074,146,147
PAIR_075,148,149
PAIR_076,150,151
PAIR_077,152,153
PAIR_078,154,155
PAIR_079,156,157
PAIR_080,158,159
PAIR_081,160,161
PAIR_082,162,163
PAIR_083,164,165
PAIR_084,166,167
PAIR_085,168,169
PAIR_086,170,171
PAIR_087,172,173
PAIR_088,174,175
PAIR_089,176,177
PAIR_090,178,179
PAIR_091,180,181
PAIR_092,182,183
PAIR_093,184,185
PAIR_094,186,187
PAIR_095,188,189
PAIR_096,190,191
PAIR_097,192,193
PAIR_098,194,195
PAIR_099,196,197
PAIR_100,198,199
PAIR_101,200,201
PAIR_102,202,203
PAIR_103,204,205
PAIR_104,206,207
PAIR_105,208,209
PAIR_106,210,211
PAIR_107,212,213
PAIR_108,214,215
PAIR_109,216,217
PAIR_110,218,219
PAIR_111,220,221
PAIR_112,222,223
PAIR_113,224,225
PAIR_114,226,227
PAIR_115,228,229
PAIR_116,230,231
PAIR_117,232,233
PAIR_118,234,235
PAIR_119,236,237
PAIR_120,238,239
PAIR_121,240,241
PAIR_122,242,243
PAIR_123,244,245
PAIR_124,246,247
PAIR_125,248,249
PAIR_126,250,251
PAIR_127,252,253
PAIR_128,254,255
PAIR_129,256,257
PAIR_130,258,259
PAIR_131,260,261
PAIR_132,262,263
PAIR_133,264,265
PAIR_134,266,267
PAIR_135,268,269
PAIR_136,270,271
PAIR_137,272,273
PAIR_138,274,275
PAIR_139,276,277
PAIR_140,278,279
PAIR_141,280,281
PAIR_142,282,283
PAIR_143,284,285
PAIR_144,286,287
PAIR_145,288,289
PAIR_146,290,291
PAIR_147,292,293
PAIR_148,294,295
PAIR_149,296,297
PAIR_150,298,299
PAIR_151,300,301
PAIR_152,302,303
PAIR_153,304,305
PAIR_154,306,307
PAIR_155,308,309
PAIR_156,310,311
PAIR_157,312,313
PAIR_158,314,315
PAIR_159,316,317
PAIR_160,318,319
PAIR_161,320,321
PAIR_162,322,323
PAIR_163,324,325
PAIR_164,326,327
PAIR_165,328,329
PAIR_166,330,331
PAIR_167,332,333
PAIR_168,334,335
PAIR_169,336,337
PAIR_170,338,339
PAIR_171,340,341
PAIR_172,342,343
PAIR_173,344,345
PAIR_174,346,347
PAIR_175,348,349
PAIR_176,350,351
PAIR_177,352,353
PAIR_178,354,355
PAIR_179,356,357
PAIR_180,358,359
PAIR_181,360,361
PAIR_182,362,363
PAIR_183,364,365
PAIR_184,366,367
PAIR_185,368,369
PAIR_186,370,371
PAIR_187,372,373
PAIR_188,374,375
PAIR_189,376,377
PAIR_190,378,379
PAIR_191,380,381
PAIR_192,382,383
PAIR_193,384,385
PAIR_194,386,387
PAIR_195,388,389
PAIR_196,390,391
PAIR_197,392,393
PAIR_198,394,395
PAIR_199,396,397
PAIR_200,398,399
PAIR_201,400,401
PAIR_202,402,403
PAIR_203,404,405
PAIR_204,406,407
PAIR_205,408,409
PAIR_206,410,411
PAIR_207,412,413
PAIR_208,414,415
PAIR_209,416,417
PAIR_210,418,419
PAIR_211,420,421
PAIR_212,422,423
PAIR_213,424,425
PAIR_214,426,427
PAIR_215,428,429
PAIR_216,430,431
PAIR_217,432,433
PAIR_218,434,435
PAIR_219,436,437
PAIR_220,438,439
PAIR_221,440,441
PAIR_222,442,443
PAIR_223,444,445
PAIR_224,446,447
PAIR_225,448,449
PAIR_226,450,451
PAIR_227,452,453
PAIR_228,454,455
PAIR_229,456,457
PAIR_230,458,459
PAIR_231,460,461
PAIR_232,462,463
PAIR_233,464,465
PAIR_234,466,467
PAIR_235,468,469
PAIR_236,470,471
PAIR_237,472,473
PAIR_238,474,475
PAIR_239,476,477
PAIR_240,478,479
PAIR_241,480,481
PAIR_242,482,483
PAIR_243,484,485
PAIR_244,486,487
PAIR_245,488,489
PAIR_246,490,491
PAIR_247,492,493
PAIR_248,494,495
PAIR_249,496,497
PAIR_250,498,499
PAIR_251,500,501
PAIR_252,502,503
PAIR_253,504,505
PAIR_254,506,507
PAIR_255,508,509
PAIR_256,510,511
